{"epoch/loss": 0.6788832545280457, "epoch/accuracy": 0.5277214050292969, "epoch/val_loss": 0.6647590398788452, "epoch/val_accuracy": 0.535411536693573, "epoch/epoch": 8, "epoch/learning_rate": 9.999999747378752e-06, "_timestamp": 1722941216.7075052, "_runtime": 56627.16812634468, "_step": 8}