{"graph": {"_type": "graph-file", "sha256": "8652b2fe7ef6e6b330eeed4064ece2403e05fa4fba4c0c13412ccb22e935bed7", "size": 57594, "path": "media/graph/graph_summary_8652b2fe7ef6e6b330ee.graph.json"}, "epoch": 14, "_timestamp": 1723400249.2576787, "loss": 0.18211984634399414, "accuracy": 0.9339982271194458, "val_loss": 0.17384202778339386, "val_accuracy": 0.9361461400985718, "_runtime": 93583.9285337925, "_step": 14, "best_val_loss": 0.17384202778339386, "best_epoch": 14, "_wandb": {"runtime": 93435}}