{"epoch/loss": 0.1744706928730011, "epoch/accuracy": 0.9381736516952515, "epoch/val_loss": 0.16430968046188354, "epoch/val_accuracy": 0.9435863494873047, "epoch/epoch": 16, "epoch/learning_rate": 9.999999747378752e-06, "_timestamp": 1723057572.0630167, "_runtime": 113597.34446954727, "_step": 16}